epoch,accuracy,loss,val_accuracy,val_loss
0,0.6195999979972839,0.649150550365448,0.696399986743927,0.5908018946647644
